-- phpMyAdmin SQL Dump
-- version 4.9.1
-- https://www.phpmyadmin.net/
--
-- 主機： localhost
-- 產生時間： 
-- 伺服器版本： 8.0.18
-- PHP 版本： 7.3.11

SET SQL_MODE = "NO_AUTO_VALUE_ON_ZERO";
SET AUTOCOMMIT = 0;
START TRANSACTION;
SET time_zone = "+00:00";


/*!40101 SET @OLD_CHARACTER_SET_CLIENT=@@CHARACTER_SET_CLIENT */;
/*!40101 SET @OLD_CHARACTER_SET_RESULTS=@@CHARACTER_SET_RESULTS */;
/*!40101 SET @OLD_COLLATION_CONNECTION=@@COLLATION_CONNECTION */;
/*!40101 SET NAMES utf8mb4 */;

--
-- 資料庫： `票券系統`
--

-- --------------------------------------------------------

--
-- 資料表結構 `message`
--

CREATE TABLE `message` (
  `message_id` varchar(40) NOT NULL,
  `ticket_id` varchar(20) NOT NULL,
  `user_id` varchar(10) NOT NULL,
  `describe_data` text NOT NULL
) ENGINE=InnoDB DEFAULT CHARSET=utf8mb4 COLLATE=utf8mb4_0900_ai_ci;

-- --------------------------------------------------------

--
-- 資料表結構 `order_data`
--

CREATE TABLE `order_data` (
  `buyer_id` varchar(10) NOT NULL,
  `ticket_id` varchar(20) NOT NULL,
  `order_date` date DEFAULT NULL,
  `order_status` tinytext
) ENGINE=InnoDB DEFAULT CHARSET=utf8mb4 COLLATE=utf8mb4_0900_ai_ci;

-- --------------------------------------------------------

--
-- 資料表結構 `ticket`
--

CREATE TABLE `ticket` (
  `ticket_id` varchar(20) NOT NULL,
  `seller_id` varchar(10) NOT NULL,
  `ticket_class_id` varchar(10) CHARACTER SET utf8mb4 COLLATE utf8mb4_0900_ai_ci NOT NULL,
  `ticket_name` tinytext,
  `ticket_status` tinytext,
  `ticket_post_time` datetime DEFAULT NULL,
  `activity_time` date DEFAULT NULL
) ENGINE=InnoDB DEFAULT CHARSET=utf8mb4 COLLATE=utf8mb4_0900_ai_ci;

--
-- 傾印資料表的資料 `ticket`
--

INSERT INTO `ticket` (`ticket_id`, `seller_id`, `ticket_class_id`, `ticket_name`, `ticket_status`, `ticket_post_time`, `activity_time`) VALUES
('con_001', 'M000000001', 'concert', '五月天 Mayday 2020 Just Rock It!!!“藍 ｜ BLUE” 桃園演唱會', 'sold', '2019-10-23 01:01:30', '2020-09-08'),
('con_002', 'M000000002', 'concert', '蔡依林 Ugly Beauty 2019-2020 世界巡迴演唱會 台北站 ', 'need', '2019-09-30 09:29:02', '2020-04-22'),
('con_003', 'M000000003', 'concert', 'A Lin 2020 Passenger 旅課 世界巡迴 台北演唱會 ', 'sold', '2019-11-05 05:10:00', '2020-05-24'),
('con_004', 'M000000004', 'concert', '伍佰 ＆ China Blue 2020 Rock Star 台中演唱會 ', 'need', '2019-10-06 08:03:20', '2020-05-30'),
('con_005', 'M000000005', 'concert', '宇宙人第一次登陸台北小巨蛋 你的宇宙YOUNIVERS 台北演唱會', 'sold', '2019-11-19 12:25:30', '2020-02-10'),
('con_006', 'M000000006', 'concert', 'HYUKOH 2020 亞洲巡迴演唱會', 'sold', '2019-10-29 11:00:00', '2020-05-05'),
('con_007', 'M000000007', 'concert', '李聖傑 FACE 20 週年世界巡迴演唱會 高雄演唱會 ', 'need', '2019-10-24 10:34:21', '2020-03-15'),
('con_008', 'M000000008', 'concert', 'GREEN DAY LIVE IN TAIPEI 2020 年輕歲月2020台北演唱會 ', 'sold', '2019-11-13 03:58:33', '2020-01-16'),
('con_009', 'M000000009', 'concert', '徐佳瑩2019歲末聯歡晚會 台北演唱會 ', 'need', '2019-10-04 05:20:44', '2020-03-29'),
('con_010', 'M000000010', 'concert', '李宗盛 有歌之年演唱會 高雄站', 'sold', '2019-10-23 07:10:36', '2020-05-28'),
('con_011', 'M000000011', 'concert', '周杰倫Jay Chou Concert World Tour 新加坡演唱會 ', 'need', '2019-09-18 08:51:10', '2020-02-13'),
('con_012', 'M000000012', 'concert', '光良 今晚我不孤獨 巡迴演唱會 台北演唱會 ', 'sold', '2019-12-02 10:06:27', '2020-02-14'),
('con_013', 'M000000013', 'concert', 'Tizzy Bac 20週年演唱會 鐵之貝克 XX 台北演唱會', 'sold', '2019-09-10 11:40:19', '2020-05-20'),
('con_014', 'M000000014', 'concert', '張震嶽 情歌嶽 遠走高飛 Live 台北演唱會', 'need', '2019-12-29 01:30:34', '2020-03-25'),
('con_015', 'M000000015', 'concert', 'BABYMETAL METAL GALAXY WORLD TOUR 台北演唱會', 'sold', '2019-10-23 04:19:47', '2020-04-26'),
('con_016', 'M000000016', 'concert', 'As I Lay Dying 至死方休 2020 台北演唱會 ', 'need', '2020-01-15 11:30:00', '2020-05-17'),
('con_017', 'M000000017', 'concert', 'LAUV how i m feeling world tour 台北演唱會 ', 'sold', '2020-02-04 10:05:39', '2020-04-13'),
('con_018', 'M000000018', 'concert', '星野源〝POP VIRUS〞World Tour 台北演唱會 ', 'need', '2019-11-10 08:40:28', '2020-01-20'),
('con_019', 'M000000019', 'concert', 'Legacy Presents 2019都市女聲：魏如萱waa wei 藏著並不等於遺忘', 'need', '2019-10-15 07:03:00', '2020-03-11'),
('con_020', 'M000000020', 'concert', 'w-inds. LIVE TOUR 2019 Future Past 台北演唱會', 'need', '2019-10-15 02:39:56', '2020-02-29'),
('exh_001', 'M000000011', 'exhibition', 'MIDORI POP UP SHOP', 'need', '2019-08-24 10:05:02', '2020-08-09'),
('exh_002', 'M000000012', 'exhibition', '討酒吧! 無思農莊X小農文創 聯名出擊!', 'need', '2019-09-22 07:05:00', '2020-09-10'),
('exh_003', 'M000000013', 'exhibition', 'Fxiii｜About Time 關於時間 刺繡插畫展', 'sold', '2019-10-25 10:08:09', '2020-10-11'),
('exh_004', 'M000000014', 'exhibition', 'Marimekko pop up store', 'need', '2019-09-03 12:06:18', '2020-10-05'),
('exh_005', 'M000000015', 'exhibition', '日常經典Pop Up Shop快閃店', 'sold', '2019-11-27 05:03:25', '2020-10-31'),
('exh_006', 'M000000016', 'exhibition', '藍染生活美學－華山限定家飾館', 'need', '2019-10-03 05:15:25', '2020-05-03'),
('exh_007', 'M000000017', 'exhibition', 'Creative Mornings Taipei 創意早晨講座：Silence寂靜', 'sold', '2019-07-30 09:10:55', '2020-07-09'),
('exh_008', 'M000000018', 'exhibition', '天涯海角攝影展', 'sold', '2019-10-25 04:05:28', '2020-08-10'),
('exh_009', 'M000000019', 'exhibition', '「扭蛋星球開麥拉」聯名特展', 'need', '2019-03-05 05:03:25', '2020-11-22'),
('exh_010', 'M000000020', 'exhibition', 'LIFE IS CREATIVE 設計改變社會 - 神戶的創造力', 'need', '2019-05-12 09:55:25', '2020-04-10'),
('exh_011', 'M000000021', 'exhibition', '糸島織物plus袋物展—EVERYTHING in BAGS!', 'sold', '2019-10-05 10:15:25', '2020-07-03'),
('exh_012', 'M000000022', 'exhibition', '流浪的田｜文學・藝術 台灣農情記事', 'sold', '2019-10-25 11:15:22', '2020-04-25'),
('exh_013', 'M000000023', 'exhibition', 'idea TAIPEI創意工作營成果展【穿越那道牆，走進3.5坪的記憶】', 'sold', '2019-11-25 10:23:55', '2020-11-08'),
('exh_014', 'M000000024', 'exhibition', '2019金點設計展', 'need', '2019-07-06 08:12:33', '2020-08-23'),
('exh_015', 'M000000025', 'exhibition', '松菸小賣所Ｘ皮康　「 到家前的旅途 」 — 皮康男子組原畫展', 'need', '2019-06-19 08:10:25', '2020-10-22'),
('exh_016', 'M000000026', 'exhibition', '百變義大利：你一定要認識的關鍵設計！', 'need', '2019-01-05 10:05:25', '2020-03-20'),
('exh_017', 'M000000027', 'exhibition', '「一縷光芒的奇蹟」 英國窯鑄玻璃藝術 橫跨三代 天團來台特展', 'sold', '2019-04-01 10:25:44', '2020-07-15'),
('exh_018', 'M000000028', 'exhibition', '植田正治逝世20年紀念回顧展', 'sold', '2019-07-10 10:05:25', '2020-12-05'),
('exh_019', 'M000000029', 'exhibition', '「絕景・只見線——魅惑吳心緹の日本最美鐵道風景」攝影展', 'sold', '2019-09-12 09:10:10', '2020-06-12'),
('exh_020', 'M000000030', 'exhibition', '超．大恐龍展', 'sold', '2019-08-25 08:12:33', '2020-03-22'),
('mov_001', 'M000000021', 'movie', '去年聖誕節', 'need', '2019-12-29 01:30:00', '2019-12-31'),
('mov_002', 'M000000022', 'movie', '呆萌特務', 'need', '2019-12-29 04:30:00', '2019-12-31'),
('mov_003', 'M000000023', 'movie', '抓狂博物館', 'need', '2019-12-15 02:30:00', '2020-01-07'),
('mov_004', 'M000000024', 'movie', '人間失格：太宰治與他的3個女人', 'sold', '2019-12-05 03:00:00', '2019-12-27'),
('mov_005', 'M000000025', 'movie', '我的靈魂是愛做的', 'need', '2020-01-18 01:30:00', '2020-02-01'),
('mov_006', 'M000000026', 'movie', '女孩要革命', 'sold', '2020-01-08 03:30:00', '2020-01-23'),
('mov_007', 'M000000027', 'movie', '花生醬獵鷹的願望', 'sold', '2019-11-15 02:00:00', '2019-12-19'),
('mov_008', 'M000000028', 'movie', '82年生的金智英', 'sold', '2019-11-15 05:30:00', '2019-12-25'),
('mov_009', 'M000000029', 'movie', '冰雪奇緣2', 'need', '2019-11-19 07:20:00', '2019-12-25'),
('mov_010', 'M000000030', 'movie', '神機有毛病', 'need', '2019-11-27 09:15:00', '2019-12-28'),
('mov_011', 'M000000031', 'movie', '安眠醫生', 'sold', '2019-12-20 10:30:00', '2019-12-23'),
('mov_012', 'M000000032', 'movie', '決戰中途島', 'sold', '2019-12-01 01:30:00', '2019-12-17'),
('mov_013', 'M000000033', 'movie', '雙子殺手', 'need', '2019-10-15 04:40:00', '2019-11-28'),
('mov_014', 'M000000034', 'movie', '黑魔女2', 'need', '2019-10-19 04:20:00', '2019-11-27'),
('mov_015', 'M000000035', 'movie', '電影版 壞傢伙們', 'sold', '2019-10-09 08:20:00', '2019-11-09'),
('mov_016', 'M000000036', 'movie', '返校', 'sold', '2019-10-10 01:30:00', '2019-10-20'),
('mov_017', 'M000000037', 'movie', '天氣之子', 'sold', '2019-09-30 03:30:00', '2019-10-17'),
('mov_018', 'M000000038', 'movie', '第九分局', 'sold', '2019-08-24 03:20:00', '2019-09-27'),
('mov_019', 'M000000039', 'movie', '下半場', 'need', '2019-08-25 04:40:00', '2019-09-27'),
('mov_020', 'M000000040', 'movie', '玩命關頭：特別行動', 'sold', '2019-07-10 03:00:00', '2019-08-20'),
('mus_001', 'M000000031', 'music', 'b vocal西班牙奇妙人聲樂團-聖誕主題音樂會', 'need', '2019-12-18 11:06:32', '2020-01-09'),
('mus_002', 'M000000032', 'music', '《紅紅夫人的異想世界─Stravinsky 詩篇交響曲》', 'need', '2019-11-06 09:33:05', '2020-01-11'),
('mus_003', 'M000000033', 'music', '2020大觀國際表演藝術節《末日之花》', 'sold', '2020-01-09 12:12:29', '2020-02-05'),
('mus_004', 'M000000034', 'music', '胡榮2020鋼琴獨奏會', 'sold', '2019-12-13 10:04:08', '2020-02-06'),
('mus_005', 'M000000035', 'music', '國立臺北藝術大學2019秋冬系列音樂會《北藝大合唱團2019秋冬音樂會》', 'need', '2019-12-18 09:12:53', '2020-03-11'),
('mus_006', 'M000000036', 'music', '力晶2020藝文饗宴《男高音皮爾古美聲禮讚聖誕夜》', 'sold', '2019-10-10 08:03:11', '2020-03-31'),
('mus_007', 'M000000037', 'music', '衝突的交錯 2020孫建如 鋼琴獨奏會', 'sold', '2019-09-20 12:04:30', '2020-01-29'),
('mus_008', 'M000000038', 'music', '茶與樂的對話～臺北書院四季茶會「冬茶品真」', 'need', '2020-01-15 09:11:12', '2020-04-23'),
('mus_009', 'M000000039', 'music', '《王心心作場--江畔 · 相逢》', 'need', '2019-11-07 01:41:20', '2020-04-09'),
('mus_010', 'M000000040', 'music', '2020音樂瑞士之夜－瑞士之聲 II', 'sold', '2019-11-06 05:02:10', '2020-02-18'),
('mus_011', 'M000000041', 'music', '誠品特企《浪漫美聲 聖誕樂宴》', 'sold', '2020-01-09 10:13:28', '2020-04-04'),
('mus_012', 'M000000042', 'music', '【聖誕臺北爵士大樂隊】紅鼻子馴鹿', 'need', '2019-11-07 03:09:06', '2020-03-09'),
('mus_013', 'M000000043', 'music', '影舞之境-卡普頌與高雄市交響樂團', 'need', '2019-10-25 11:00:34', '2020-01-17'),
('mus_014', 'M000000044', 'music', 'Mr. Lorenz-陳瑾瑒＆台北愛樂', 'sold', '2019-12-17 05:02:09', '2020-03-17'),
('mus_015', 'M000000045', 'music', '十破天驚 珠玉美聲 第十屆傳愛行動慈善音樂會', 'need', '2020-01-02 09:42:03', '2020-04-08'),
('mus_016', 'M000000046', 'music', '古典音樂愛情事件–當東方遇上西方', 'sold', '2019-10-11 11:02:09', '2020-01-02'),
('mus_017', 'M000000047', 'music', '周郁芝小提琴獨奏會', 'sold', '2019-11-11 02:03:12', '2020-01-03'),
('mus_018', 'M000000048', 'music', '風采－黃珮涵次中音薩克斯風獨奏會', 'need', '2019-11-06 12:31:30', '2020-01-04'),
('mus_019', 'M000000049', 'music', '第46屆Yamaha兒童創作曲全國發表會', 'need', '2019-12-01 10:32:36', '2020-01-04'),
('mus_020', 'M000000050', 'music', 'NSO 名家系列《貝多芬狂潮》', 'need', '2019-11-07 06:04:13', '2020-01-12'),
('spo_001', 'M000000041', 'sport', '2020年亞洲冬季棒球聯盟', 'sold', '2019-01-09 11:26:11', '2020-08-26'),
('spo_002', 'M000000042', 'sport', 'CTBC世界12強Mitsubishi Motors棒球錦標賽', 'need', '2020-10-18 09:46:03', '2021-09-24'),
('spo_003', 'M000000043', 'sport', 'ABL職籃聯賽 寶島夢想家主場例行賽VIP季票', 'sold', '2019-10-25 03:16:27', '2020-09-17'),
('spo_004', 'M000000044', 'sport', '2020年東京奧運', 'need', '2019-08-06 06:01:18', '2020-03-10'),
('spo_005', 'M000000045', 'sport', 'CTBC世界12強Mitsubishi Motors官辦熱身賽', 'sold', '2020-11-17 01:42:39', '2021-06-21'),
('spo_006', 'M000000046', 'sport', 'Arnold Classic Amateur NPC Bodybuilding, Classic Physique門票', 'need', '2020-02-14 12:40:27', '2021-10-11'),
('spo_007', 'M000000047', 'sport', 'Big Air Competition 2 Day Pass門票', 'sold', '2019-12-21 05:10:45', '2020-07-08'),
('spo_008', 'M000000048', 'sport', 'Spain Rugby vs New Zealand Rugby 門票', 'need', '2019-09-11 07:23:40', '2020-11-19'),
('spo_009', 'M000000049', 'sport', '職棒30年中信兄弟主場比賽', 'sold', '2020-02-11 01:47:25', '2021-04-26'),
('spo_010', 'M000000050', 'sport', '2022年統一獅主場', 'need', '2020-07-11 01:27:49', '2022-10-24'),
('spo_011', 'M000000001', 'sport', '《2020GCS夏季冠軍賽》', 'sold', '2019-07-27 04:53:50', '2020-10-14'),
('spo_012', 'M000000002', 'sport', '2021中華職棒明星對抗賽', 'need', '2020-01-09 05:53:50', '2021-02-17'),
('spo_013', 'M000000003', 'sport', '世界12強棒球錦標賽門票', 'sold', '2021-05-16 09:03:08', '2022-01-05'),
('spo_014', 'M000000004', 'sport', '109學年度富邦人壽大專籃球運動聯賽一級決賽', 'need', '2019-05-02 03:01:42', '2020-09-09'),
('spo_015', 'M000000005', 'sport', '2021臺北海碩網球公開賽', 'sold', '2020-11-08 06:14:23', '2021-10-14'),
('spo_016', 'M000000006', 'sport', '2022 AFC CUP 亞足聯盃小組賽', 'need', '2021-02-06 03:10:53', '2022-12-16'),
('spo_017', 'M000000007', 'sport', '111年全國運動會-111全國運', 'sold', '2021-04-24 12:44:54', '2022-12-25'),
('spo_018', 'M000000008', 'sport', '世界盃橄欖球賽門票-Rugby World Cup Tickets ', 'need', '2020-11-16 12:56:49', '2020-12-14'),
('spo_019', 'M000000009', 'sport', '英超足球賽門票-Premier League Tickets 英格蘭足球超級聯賽', 'sold', '2020-05-01 04:02:27', '2021-07-11'),
('spo_020', 'M000000010', 'sport', '甲子園棒球賽門票-日本高校野球賽選手權大會', 'need', '2019-06-24 09:12:33', '2020-10-26');

-- --------------------------------------------------------

--
-- 資料表結構 `ticket_class`
--

CREATE TABLE `ticket_class` (
  `ticket_class_id` varchar(10) CHARACTER SET utf8mb4 COLLATE utf8mb4_0900_ai_ci NOT NULL,
  `ticket_class_name` tinytext
) ENGINE=InnoDB DEFAULT CHARSET=utf8mb4 COLLATE=utf8mb4_0900_ai_ci;

--
-- 傾印資料表的資料 `ticket_class`
--

INSERT INTO `ticket_class` (`ticket_class_id`, `ticket_class_name`) VALUES
('concert', '演唱會'),
('exhibition', '展覽'),
('movie', '電影'),
('music', '音樂會'),
('sport', '運動賽事');

-- --------------------------------------------------------

--
-- 資料表結構 `user_data`
--

CREATE TABLE `user_data` (
  `user_id` varchar(10) NOT NULL,
  `user_password` varchar(20) NOT NULL,
  `user_firstname` varchar(5) DEFAULT NULL,
  `user_lastname` varchar(5) DEFAULT NULL,
  `user_address` varchar(30) DEFAULT NULL,
  `user_phone_number` tinytext,
  `user_email` varchar(30) DEFAULT NULL
) ENGINE=InnoDB DEFAULT CHARSET=utf8mb4 COLLATE=utf8mb4_0900_ai_ci;

--
-- 傾印資料表的資料 `user_data`
--

INSERT INTO `user_data` (`user_id`, `user_password`, `user_firstname`, `user_lastname`, `user_address`, `user_phone_number`, `user_email`) VALUES
('M000000001', 'M000000001', '林', '竹賢', '臺中市沙鹿區中正路12號', '0924876540', 'Mith1950@armyspy.com'),
('M000000002', 'M000000002', '王', '大千', '臺北市板橋區民生路231號', '0963311424', 'jee820@gmail.com'),
('M000000003', 'M000000003', '柯', '忠明', '屏東縣潮州鎮中華路108號', '0931080921', 'lj34e3@yahoo.com.tw'),
('M000000004', 'M000000004', '陳', '阿明', '苗栗縣後龍鎮華陽街182-3號', '0984536880', 'trrrw4357@kkbox.com'),
('M000000005', 'M000000005', '謝', '曉華', '臺北市大安區光華十街548巷294號28樓', '0915889690', '33oiur@study.com.tw'),
('M000000006', 'M000000006', '許', '夢茜', '嘉義市東區六家八路七段118號', '0948865374', '530john@shoopee.com.tw'),
('M000000007', 'M000000007', '曾', '珊妮', '臺北市信義區秀福街五段381號19樓', '0909907459', 's123@mail.yzu.edu.tw'),
('M000000008', 'M000000008', '周', '傑菕', '嘉義市西區大有四街306巷637號', '0904523604', 'iuo226@outlook.com'),
('M000000009', 'M000000009', '邱', '偉', '臺東縣池上鄉和順三路一段22巷368號', '0919993384', '88f3h3@time.com.tw'),
('M000000010', 'M000000010', '徐', '小兵', '南投縣草屯鎮小坑路九段185巷871號', '0929347712', '43ubhjb3@gogo.com.tw'),
('M000000011', 'M000000011', '羅', '小右', '台中市北區進化北路342號', '0934778952', 'Yuyu7320@gmail.com'),
('M000000012', 'M000000012', '張', '倚琪', '新竹市北區中央路11號', '0910474485', 'Hello99017@mail.yzu.edu.tw'),
('M000000013', 'M000000013', '蕭', '雲儒', '宜蘭縣宜蘭市黎明二路367巷3號', '0922396543', 'Peggy770328@yahoo.com'),
('M000000014', 'M000000014', '白', '家家', '花蓮縣花蓮市中興路256號', '0988672853', 'Minnielike@mail.com'),
('M000000015', 'M000000015', '韓', '庶民', '高雄市苓雅區四維三路2號', '0912110762', 'President77777@machine.com'),
('M000000016', 'M000000016', '蔡', '中文', '台北市中正區重慶南路一段122號', '0952784303', 'Cigarettebuy@over.org.com'),
('M000000017', 'M000000017', '賴', '功德', '台北市中正區忠孝東路一段1號', '0966152843', 'Donate@allcompany.com'),
('M000000018', 'M000000018', '邱', '呱吉', '台北市信義區仁愛路四段507號', '0979028669', 'Frogy@mail.com.tw'),
('M000000019', 'M000000019', '吳', '佩佩', '屏東縣車城鄉中山路188號', '0932967421', 'MISengver@yzu.edu.tw'),
('M000000020', 'M000000020', '白', '小敦', '台北市中山區八德路二段232-234號', '0988740657', 'Noface@kmt.com'),
('M000000021', 'M000000021', '胡', '逸瑜', '台中市北屯區太祥三街23巷2號', '0923232852', 'yiyu0009@gmail.com'),
('M000000022', 'M000000022', '孫', '湘和', '花蓮縣花蓮市美工四街87巷23號', '0987475384', 'sun002@mail.yzu.edu.tw'),
('M000000023', 'M000000023', '黃', '品樺', '桃園市桃園區大明街56巷90號', '0957834223', 'pin1022@outlook.com'),
('M000000024', 'M000000024', '陸', '家民', '新北市汐止區福山街60巷76號', '0975834729', 'jiajia2323@mail.com'),
('M000000025', 'M000000025', '邱', '阿給', '台北市南港區研究院路二段2巷7號', '0977739434', 'agei4934@gmail.com'),
('M000000026', 'M000000026', '文', '子瑄', '新北市三重區正義北路16巷22-2', '0988857384', 'zi2322@gogo.com.tw'),
('M000000027', 'M000000027', '鄭', '失敗', '新竹市東區林森路182巷87號', '0943478234', 'fail9999@gmail.com'),
('M000000028', 'M000000028', '劉', '加薪', '嘉義市西區安東一街5-17', '0957485343', 'cash23923@outlook.com'),
('M000000029', 'M000000029', '吳', '成功', '台南市歸仁區保興二街3號', '0935878384', 'success02@gmail.com'),
('M000000030', 'M000000030', '花', '和尚', '高雄市苓雅區忠孝二路84巷26號', '0945833489', 'flower009@mail.com'),
('M000000031', 'M000000031', '陳', '加乘', '雲林縣北港鎮民榮街11號', '0957439484', 'mutiply@gmail.com'),
('M000000032', 'M000000032', '蔡', '雅雯', '桃園市八德區廣福路1039之10號', '0945448472', 'Aditi0903@gmail.com'),
('M000000033', 'M000000033', '潘', '伊誠', '台中市大甲區青年路130號', '0947361937', 'Aaron19871212@outlook.com'),
('M000000034', 'M000000034', '李', '珮聖', '苗栗縣造橋鄉豐湖村1鄰乳姑山15之3號', '0912384756', 'Bonnie@yahoo.com.tw'),
('M000000035', 'M000000035', '朱', '銘學', '高雄市楠梓區土庫三路200號', '0987456474', 'Ben4854587@gmail.com'),
('M000000036', 'M000000036', '陳', '珮瑜', '台南市新化區信義路93巷18號', '0967373287', 'Eartha576@gmail.com'),
('M000000037', 'M000000037', '陳', '偉倫', '基隆市安樂區樂利三街8巷16號', '0976738475', 'Bob0518@outlook.com'),
('M000000038', 'M000000038', '王', '怡潔', '高雄市楠梓區德惠路75號', '0918275635', 'Hannah485748@gmail.com'),
('M000000039', 'M000000039', '王', '美娟', '新北市三重區重陽路一段100號', '0985647293', 'Gail@yahoo.com.tw'),
('M000000040', 'M000000040', '洪', '家良', '新北市新莊區後港 1路76巷14弄4號', '0947492864', 'Edward837@outlook.com'),
('M000000041', 'M000000041', '陳', '志茜', '雲林縣二崙鄉北園路四段310巷37弄116號11樓', '0976382887', 'Dupont20110617@gmail.com'),
('M000000042', 'M000000042', '王', '佳燕', '臺北市大同區彰濱東七街712巷278號', '0997253083', 'Donovan1231@gmail.com'),
('M000000043', 'M000000043', '余', '欣蕙', '桃園市龜山區公館村東平路63巷675號62樓', '0978121896', '0oGilberto0@yahoo.com.tw'),
('M000000044', 'M000000044', '張', '淑雅', '屏東縣萬巒鄉南園路七段460巷776弄874號62樓', '0993080980', 'Merrick@gmail.com'),
('M000000045', 'M000000045', '唐', '幸桂', '嘉義縣東石鄉內定七路六段217巷640號', '0983025839', 'Bevan2.0@outlook.com'),
('M000000046', 'M000000046', '林', '士春', '嘉義市西區凱得路三段289號', '0941164146', 'Stanford@gmail.com'),
('M000000047', 'M000000047', '楊', '學韋', '雲林縣水林鄉老吸街六段504巷317弄416號 ', '0974659760', 'Jones666@gmail.com'),
('M000000048', 'M000000048', '陳', '靜雅', '苗栗縣頭份鎮錫安路962巷304弄661號', '0978133380', 'Nolan@yahoo.com.tw'),
('M000000049', 'M000000049', '蔡', '建宏', '連江縣莒光鄉鎮新五路156巷688弄837號19樓', '0948126462', 'Haye_0905@gmail.com'),
('M000000050', 'M000000050', '呂', '美惠', '桃園市新屋區福錦路九段490巷788弄767號', '0992908318', 'Adams0213@outlook.com');

--
-- 已傾印資料表的索引
--

--
-- 資料表索引 `message`
--
ALTER TABLE `message`
  ADD PRIMARY KEY (`message_id`),
  ADD KEY `ticket_id` (`ticket_id`),
  ADD KEY `user_id` (`user_id`);

--
-- 資料表索引 `order_data`
--
ALTER TABLE `order_data`
  ADD PRIMARY KEY (`buyer_id`,`ticket_id`),
  ADD KEY `ticket_id` (`ticket_id`);

--
-- 資料表索引 `ticket`
--
ALTER TABLE `ticket`
  ADD PRIMARY KEY (`ticket_id`),
  ADD KEY `seller_id` (`seller_id`),
  ADD KEY `ticket_class_id` (`ticket_class_id`);

--
-- 資料表索引 `ticket_class`
--
ALTER TABLE `ticket_class`
  ADD PRIMARY KEY (`ticket_class_id`);

--
-- 資料表索引 `user_data`
--
ALTER TABLE `user_data`
  ADD PRIMARY KEY (`user_id`);

--
-- 已傾印資料表的限制式
--

--
-- 資料表的限制式 `message`
--
ALTER TABLE `message`
  ADD CONSTRAINT `message_ibfk_1` FOREIGN KEY (`ticket_id`) REFERENCES `ticket` (`ticket_id`),
  ADD CONSTRAINT `message_ibfk_2` FOREIGN KEY (`user_id`) REFERENCES `user_data` (`user_id`);

--
-- 資料表的限制式 `order_data`
--
ALTER TABLE `order_data`
  ADD CONSTRAINT `order_data_ibfk_1` FOREIGN KEY (`buyer_id`) REFERENCES `user_data` (`user_id`),
  ADD CONSTRAINT `order_data_ibfk_2` FOREIGN KEY (`ticket_id`) REFERENCES `ticket` (`ticket_id`);

--
-- 資料表的限制式 `ticket`
--
ALTER TABLE `ticket`
  ADD CONSTRAINT `ticket_ibfk_1` FOREIGN KEY (`seller_id`) REFERENCES `user_data` (`user_id`),
  ADD CONSTRAINT `ticket_ibfk_2` FOREIGN KEY (`ticket_class_id`) REFERENCES `ticket_class` (`ticket_class_id`);
COMMIT;

/*!40101 SET CHARACTER_SET_CLIENT=@OLD_CHARACTER_SET_CLIENT */;
/*!40101 SET CHARACTER_SET_RESULTS=@OLD_CHARACTER_SET_RESULTS */;
/*!40101 SET COLLATION_CONNECTION=@OLD_COLLATION_CONNECTION */;
